Year,Month,Week,Person Start,Location,Latitude,Longitude,,,,,,
1992,January,1,Miguel,,,,,,,,,
1992,January,2,,,,,,,,,,
1992,January,3,,,,,,,,Places:,Latitude,Longitude
1992,February,4,,,,,,,,Buffalo,42.8864,-78.8784
1992,February,5,,,,,,,,New York City,40.7128,-74.006
1992,February,6,,,,,,,,England,51.5074,-0.1278
1992,February,7,,,,,,,,France,48.8566,2.3522
1992,March,8,,,,,,,,Ireland,53.3498,-6.2603
1992,March,9,,,,,,,,Dominican Republic,18.5601,-68.3725
1992,March,10,,,,,,,,Portugal,38.7223,-9.1393
1992,March,11,,,,,,,,China,39.9042,116.4074
1992,March,12,,,,,,,,Vegas,36.1699,-115.1398
1992,April,13,,,,,,,,Florida,28.5383,-81.3792
1992,April,14,,,,,,,,California,34.0522,-118.2437
1992,April,15,,,,,,,,Morocco,31.7917,-7.0926
1992,April,16,,,,,,,,Cyprus,35.1264,33.4299
1992,May,17,,,,,,,,Scotland,55.8642,-4.2518
1992,May,18,,,,,,,,Tenerife,28.2916,-16.6291
1992,May,19,,,,,,,,Madeira,32.7607,-16.9595
1992,May,20,,,,,,,,Kentucky,37.8393,-84.27
1992,May,21,,,,,,,,North Carolina,35.7596,-79.0193
1992,June,22,,,,,,,,Spain,40.4168,-3.7038
1992,June,23,,,,,,,,Massachusetts,42.3601,-71.0589
1992,June,24,,,,,,,,Pennsylvania,41.2033,-77.1945
1992,June,25,,,,,,,,Puerto Rico,18.2208,-66.5901
1992,July,26,,,,,,,,Mallorca,39.6953,3.0176
1992,July,27,,,,,,,,Greece,37.9838,23.7275
1992,July,28,,,,,,,,Italy,41.9028,12.4964
1992,July,29,,,,,,,,Missourri,38.627,-90.1994
1992,August,30,,,,,,,,Wisconsin,43.0389,-87.9065
1992,August,31,,,,,,,,Montreal,45.5017,-73.5673
1992,August,32,,,,,,,,,,
1992,August,33,,,,,,,,,,
1992,August,34,,,,,,,,,,
1992,September,35,,,,,,,,,,
1992,September,36,,,,,,,,,,
1992,September,37,,,,,,,,,,
1992,September,38,,,,,,,,,,
1992,October,39,,,,,,,,,,
1992,October,40,,,,,,,,,,
1992,October,41,,,,,,,,,,
1992,October,42,,,,,,,,,,
1992,November,43,,,,,,,,,,
1992,November,44,,,,,,,,,,
1992,November,45,,,,,,,,,,
1992,November,46,,,,,,,,,,
1992,November,47,,,,,,,,,,
1992,December,48,,,,,,,,,,
1992,December,49,,,,,,,,,,
1992,December,50,,,,,,,,,,
1992,December,51,,,,,,,,,,
1993,January,52,,,,,,,,,,
1993,January,53,,,,,,,,,,
1993,January,54,,,,,,,,,,
1993,January,55,,,,,,,,,,
1993,January,56,,,,,,,,,,
1993,February,57,,,,,,,,,,
1993,February,58,,,,,,,,,,
1993,February,59,,,,,,,,,,
1993,February,60,,,,,,,,,,
1993,March,61,,,,,,,,,,
1993,March,62,,,,,,,,,,
1993,March,63,,,,,,,,,,
1993,March,64,,,,,,,,,,
1993,April,65,,,,,,,,,,
1993,April,66,,,,,,,,,,
1993,April,67,,,,,,,,,,
1993,April,68,,,,,,,,,,
1993,May,69,,,,,,,,,,
1993,May,70,,,,,,,,,,
1993,May,71,,,,,,,,,,
1993,May,72,,,,,,,,,,
1993,May,73,,,,,,,,,,
1993,June,74,,,,,,,,,,
1993,June,75,,,,,,,,,,
1993,June,76,,,,,,,,,,
1993,June,77,,,,,,,,,,
1993,July,78,,,,,,,,,,
1993,July,79,,,,,,,,,,
1993,July,80,,,,,,,,,,
1993,July,81,,,,,,,,,,
1993,Augusy,82,,,,,,,,,,
1993,Augusy,83,,,,,,,,,,
1993,Augusy,84,,,,,,,,,,
1993,Augusy,85,,,,,,,,,,
1993,Augusy,86,,,,,,,,,,
1993,September,87,,,,,,,,,,
1993,September,88,,,,,,,,,,
1993,September,89,,,,,,,,,,
1993,September,90,,,,,,,,,,
1993,October,91,,,,,,,,,,
1993,October,92,,,,,,,,,,
1993,October,93,,,,,,,,,,
1993,October,94,,,,,,,,,,
1993,October,95,,,,,,,,,,
1993,November,96,,,,,,,,,,
1993,November,97,,,,,,,,,,
1993,November,98,,,,,,,,,,
1993,November,99,,,,,,,,,,
1993,December,100,,,,,,,,,,
1993,December,101,,,,,,,,,,
1993,December,102,,,,,,,,,,
1993,December,103,,,,,,,,,,
1994,January,104,,,,,,,,,,
1994,January,105,,,,,,,,,,
1994,January,106,,,,,,,,,,
1994,January,107,,,,,,,,,,
1994,January,108,,,,,,,,,,
1994,February,109,,,,,,,,,,
1994,February,110,,,,,,,,,,
1994,February,111,,,,,,,,,,
1994,February,112,,,,,,,,,,
1994,March,113,,,,,,,,,,
1994,March,114,,,,,,,,,,
1994,March,115,,,,,,,,,,
1994,March,116,,,,,,,,,,
1994,April,117,,,,,,,,,,
1994,April,118,,,,,,,,,,
1994,April,119,,,,,,,,,,
1994,April,120,,,,,,,,,,
1994,May,121,,,,,,,,,,
1994,May,122,,,,,,,,,,
1994,May,123,,,,,,,,,,
1994,May,124,,,,,,,,,,
1994,May,125,,,,,,,,,,
1994,June,126,,,,,,,,,,
1994,June,127,,,,,,,,,,
1994,June,128,,,,,,,,,,
1994,June,129,,,,,,,,,,
1994,July,130,,,,,,,,,,
1994,July,131,,,,,,,,,,
1994,July,132,,,,,,,,,,
1994,July,133,,,,,,,,,,
1994,July,134,,,,,,,,,,
1994,August,135,,,,,,,,,,
1994,August,136,,,,,,,,,,
1994,August,137,,,,,,,,,,
1994,August,138,,,,,,,,,,
1994,September,139,,,,,,,,,,
1994,September,140,,,,,,,,,,
1994,September,141,,,,,,,,,,
1994,September,142,,,,,,,,,,
1994,October,143,,,,,,,,,,
1994,October,144,,,,,,,,,,
1994,October,145,,,,,,,,,,
1994,October,146,,,,,,,,,,
1994,October,147,,,,,,,,,,
1994,November,148,,,,,,,,,,
1994,November,149,,,,,,,,,,
1994,November,150,,,,,,,,,,
1994,November,151,,,,,,,,,,
1994,December,152,,,,,,,,,,
1994,December,153,,,,,,,,,,
1994,December,154,,,,,,,,,,
1994,December,155,,,,,,,,,,
1995,January,156,,,,,,,,,,
1995,January,157,,,,,,,,,,
1995,January,158,,,,,,,,,,
1995,January,159,,,,,,,,,,
1995,January,160,,,,,,,,,,
1995,February,161,,,,,,,,,,
1995,February,162,,,,,,,,,,
1995,February,163,,,,,,,,,,
1995,February,164,,,,,,,,,,
1995,March,165,,,,,,,,,,
1995,March,166,,,,,,,,,,
1995,March,167,,,,,,,,,,
1995,March,168,,,,,,,,,,
1995,April,169,,,,,,,,,,
1995,April,170,,,,,,,,,,
1995,April,171,,,,,,,,,,
1995,April,172,Jamie,,,,,,,,,
1995,April,173,,,,,,,,,,
1995,May,174,,,,,,,,,,
1995,May,175,,,,,,,,,,
1995,May,176,,,,,,,,,,
1995,May,177,,,,,,,,,,
1995,June,178,,,,,,,,,,
1995,June,179,,,,,,,,,,
1995,June,180,,,,,,,,,,
1995,June,181,,,,,,,,,,
1995,July,182,,,,,,,,,,
1995,July,183,,,,,,,,,,
1995,July,184,,,,,,,,,,
1995,July,185,,,,,,,,,,
1995,July,186,,,,,,,,,,
1995,August,187,,,,,,,,,,
1995,August,188,,,,,,,,,,
1995,August,189,,,,,,,,,,
1995,August,190,,,,,,,,,,
1995,September,191,,,,,,,,,,
1995,September,192,,,,,,,,,,
1995,September,193,,,,,,,,,,
1995,September,194,,,,,,,,,,
1995,October,195,,,,,,,,,,
1995,October,196,,,,,,,,,,
1995,October,197,,,,,,,,,,
1995,October,198,,,,,,,,,,
1995,October,199,,,,,,,,,,
1995,November,200,,,,,,,,,,
1995,November,201,,,,,,,,,,
1995,November,202,,,,,,,,,,
1995,November,203,,,,,,,,,,
1995,December,204,,,,,,,,,,
1995,December,205,,,,,,,,,,
1995,December,206,,,,,,,,,,
1995,December,207,,,,,,,,,,
1995,December,208,,,,,,,,,,
1996,January,209,,,,,,,,,,
1996,January,210,,,,,,,,,,
1996,January,211,,,,,,,,,,
1996,January,212,,,,,,,,,,
1996,February,213,,,,,,,,,,
1996,February,214,,,,,,,,,,
1996,February,215,,,,,,,,,,
1996,February,216,,,,,,,,,,
1996,March,217,,,,,,,,,,
1996,March,218,,,,,,,,,,
1996,March,219,,,,,,,,,,
1996,March,220,,,,,,,,,,
1996,March,221,,,,,,,,,,
1996,April,222,,,,,,,,,,
1996,April,223,,,,,,,,,,
1996,April,224,,,,,,,,,,
1996,April,225,,,,,,,,,,
1996,May,226,,,,,,,,,,
1996,May,227,,,,,,,,,,
1996,May,228,,,,,,,,,,
1996,May,229,,,,,,,,,,
1996,June,230,,,,,,,,,,
1996,June,231,,,,,,,,,,
1996,June,232,,,,,,,,,,
1996,June,233,,,,,,,,,,
1996,June,234,,,,,,,,,,
1996,July,235,,,,,,,,,,
1996,July,236,,,,,,,,,,
1996,July,237,,,,,,,,,,
1996,July,238,,,,,,,,,,
1996,August,239,,,,,,,,,,
1996,August,240,,,,,,,,,,
1996,August,241,,,,,,,,,,
1996,August,242,,,,,,,,,,
1996,September,243,,,,,,,,,,
1996,September,244,,,,,,,,,,
1996,September,245,,,,,,,,,,
1996,September,246,,,,,,,,,,
1996,September,247,,,,,,,,,,
1996,October,248,,,,,,,,,,
1996,October,249,,,,,,,,,,
1996,October,250,,,,,,,,,,
1996,October,251,,,,,,,,,,
1996,November,252,,,,,,,,,,
1996,November,253,,,,,,,,,,
1996,November,254,,,,,,,,,,
1996,November,255,,,,,,,,,,
1996,December,256,,,,,,,,,,
1996,December,257,,,,,,,,,,
1996,December,258,,,,,,,,,,
1996,December,259,,,,,,,,,,
1996,December,260,,,,,,,,,,
1997,January,261,,,,,,,,,,
1997,January,262,,,,,,,,,,
1997,January,263,,,,,,,,,,
1997,January,264,,,,,,,,,,
1997,February,265,,,,,,,,,,
1997,February,266,,,,,,,,,,
1997,February,267,,,,,,,,,,
1997,February,268,,,,,,,,,,
1997,March,269,,,,,,,,,,
1997,March,270,,,,,,,,,,
1997,March,271,,,,,,,,,,
1997,March,272,,,,,,,,,,
1997,March,273,,,,,,,,,,
1997,April,274,,,,,,,,,,
1997,April,275,,,,,,,,,,
1997,April,276,,,,,,,,,,
1997,April,277,,,,,,,,,,
1997,May,278,,,,,,,,,,
1997,May,279,,,,,,,,,,
1997,May,280,,,,,,,,,,
1997,May,281,,,,,,,,,,
1997,June,282,,,,,,,,,,
1997,June,283,,,,,,,,,,
1997,June,284,,,,,,,,,,
1997,June,285,,,,,,,,,,
1997,June,286,,,,,,,,,,
1997,July,287,,,,,,,,,,
1997,July,288,Antoine,France,48.8566,2.3522,,,,,,
1997,July,289,,France,48.8566,2.3522,,,,,,
1997,July,290,,France,48.8566,2.3522,,,,,,
1997,August,291,,France,48.8566,2.3522,,,,,,
1997,August,292,,France,48.8566,2.3522,,,,,,
1997,August,293,,France,48.8566,2.3522,,,,,,
1997,August,294,,France,48.8566,2.3522,,,,,,
1997,August,295,,France,48.8566,2.3522,,,,,,
1997,September,296,,France,48.8566,2.3522,,,,,,
1997,September,297,,France,48.8566,2.3522,,,,,,
1997,September,298,,France,48.8566,2.3522,,,,,,
1997,September,299,,France,48.8566,2.3522,,,,,,
1997,October,300,,France,48.8566,2.3522,,,,,,
1997,October,301,,France,48.8566,2.3522,,,,,,
1997,October,302,,France,48.8566,2.3522,,,,,,
1997,October,303,,France,48.8566,2.3522,,,,,,
1997,November,304,,France,48.8566,2.3522,,,,,,
1997,November,305,,France,48.8566,2.3522,,,,,,
1997,November,306,,France,48.8566,2.3522,,,,,,
1997,November,307,,France,48.8566,2.3522,,,,,,
1997,November,308,,France,48.8566,2.3522,,,,,,
1997,December,309,,France,48.8566,2.3522,,,,,,
1997,December,310,,France,48.8566,2.3522,,,,,,
1997,December,311,,France,48.8566,2.3522,,,,,,
1997,December,312,,France,48.8566,2.3522,,,,,,
1998,January,313,,France,48.8566,2.3522,,,,,,
1998,January,314,,France,48.8566,2.3522,,,,,,
1998,January,315,,France,48.8566,2.3522,,,,,,
1998,January,316,,France,48.8566,2.3522,,,,,,
1998,February,317,,France,48.8566,2.3522,,,,,,
1998,February,318,,France,48.8566,2.3522,,,,,,
1998,February,319,,France,48.8566,2.3522,,,,,,
1998,February,320,,France,48.8566,2.3522,,,,,,
1998,March,321,,France,48.8566,2.3522,,,,,,
1998,March,322,,France,48.8566,2.3522,,,,,,
1998,March,323,,France,48.8566,2.3522,,,,,,
1998,March,324,,France,48.8566,2.3522,,,,,,
1998,March,325,,France,48.8566,2.3522,,,,,,
1998,April,326,,France,48.8566,2.3522,,,,,,
1998,April,327,,France,48.8566,2.3522,,,,,,
1998,April,328,,France,48.8566,2.3522,,,,,,
1998,April,329,,France,48.8566,2.3522,,,,,,
1998,May,330,,France,48.8566,2.3522,,,,,,
1998,May,331,,France,48.8566,2.3522,,,,,,
1998,May,332,,France,48.8566,2.3522,,,,,,
1998,May,333,,France,48.8566,2.3522,,,,,,
1998,May,334,,France,48.8566,2.3522,,,,,,
1998,June,335,,France,48.8566,2.3522,,,,,,
1998,June,336,,Greece,37.9838,23.7275,,,,,,
1998,June,337,,Greece,37.9838,23.7275,,,,,,
1998,June,338,,France,48.8566,2.3522,,,,,,
1998,July,339,,France,48.8566,2.3522,,,,,,
1998,July,340,,France,48.8566,2.3522,,,,,,
1998,July,341,,France,48.8566,2.3522,,,,,,
1998,July,342,,France,48.8566,2.3522,,,,,,
1998,August,343,,France,48.8566,2.3522,,,,,,
1998,August,344,,France,48.8566,2.3522,,,,,,
1998,August,345,,France,48.8566,2.3522,,,,,,
1998,August,346,,France,48.8566,2.3522,,,,,,
1998,August,347,,France,48.8566,2.3522,,,,,,
1998,September,348,,France,48.8566,2.3522,,,,,,
1998,September,349,,France,48.8566,2.3522,,,,,,
1998,September,350,,France,48.8566,2.3522,,,,,,
1998,September,351,,France,48.8566,2.3522,,,,,,
1998,October,352,,France,48.8566,2.3522,,,,,,
1998,October,353,,France,48.8566,2.3522,,,,,,
1998,October,354,,France,48.8566,2.3522,,,,,,
1998,October,355,,France,48.8566,2.3522,,,,,,
1998,November,356,,France,48.8566,2.3522,,,,,,
1998,November,357,,France,48.8566,2.3522,,,,,,
1998,November,358,,France,48.8566,2.3522,,,,,,
1998,November,359,,France,48.8566,2.3522,,,,,,
1998,November,360,,France,48.8566,2.3522,,,,,,
1998,December,361,,France,48.8566,2.3522,,,,,,
1998,December,362,,France,48.8566,2.3522,,,,,,
1998,December,363,,France,48.8566,2.3522,,,,,,
1998,December,364,,France,48.8566,2.3522,,,,,,
1999,January,365,,France,48.8566,2.3522,,,,,,
1999,January,366,,France,48.8566,2.3522,,,,,,
1999,January,367,,France,48.8566,2.3522,,,,,,
1999,January,368,,France,48.8566,2.3522,,,,,,
1999,January,369,,France,48.8566,2.3522,,,,,,
1999,February,370,,France,48.8566,2.3522,,,,,,
1999,February,371,,France,48.8566,2.3522,,,,,,
1999,February,372,,France,48.8566,2.3522,,,,,,
1999,February,373,,France,48.8566,2.3522,,,,,,
1999,March,374,,France,48.8566,2.3522,,,,,,
1999,March,375,,France,48.8566,2.3522,,,,,,
1999,March,376,,France,48.8566,2.3522,,,,,,
1999,March,377,,France,48.8566,2.3522,,,,,,
1999,April,378,,France,48.8566,2.3522,,,,,,
1999,April,379,,France,48.8566,2.3522,,,,,,
1999,April,380,,France,48.8566,2.3522,,,,,,
1999,April,381,,France,48.8566,2.3522,,,,,,
1999,May,382,,France,48.8566,2.3522,,,,,,
1999,May,383,,France,48.8566,2.3522,,,,,,
1999,May,384,,France,48.8566,2.3522,,,,,,
1999,May,385,,France,48.8566,2.3522,,,,,,
1999,May,386,,France,48.8566,2.3522,,,,,,
1999,June,387,,France,48.8566,2.3522,,,,,,
1999,June,388,,France,48.8566,2.3522,,,,,,
1999,June,389,,France,48.8566,2.3522,,,,,,
1999,June,390,,France,48.8566,2.3522,,,,,,
1999,July,391,,France,48.8566,2.3522,,,,,,
1999,July,392,,France,48.8566,2.3522,,,,,,
1999,July,393,,France,48.8566,2.3522,,,,,,
1999,July,394,,France,48.8566,2.3522,,,,,,
1999,August,395,,France,48.8566,2.3522,,,,,,
1999,August,396,,France,48.8566,2.3522,,,,,,
1999,August,397,,France,48.8566,2.3522,,,,,,
1999,August,398,,France,48.8566,2.3522,,,,,,
1999,August,399,,France,48.8566,2.3522,,,,,,
1999,September,400,,France,48.8566,2.3522,,,,,,
1999,September,401,,France,48.8566,2.3522,,,,,,
1999,September,402,,France,48.8566,2.3522,,,,,,
1999,September,403,,France,48.8566,2.3522,,,,,,
1999,October,404,,France,48.8566,2.3522,,,,,,
1999,October,405,,France,48.8566,2.3522,,,,,,
1999,October,406,,France,48.8566,2.3522,,,,,,
1999,October,407,,France,48.8566,2.3522,,,,,,
1999,October,408,,France,48.8566,2.3522,,,,,,
1999,November,409,,France,48.8566,2.3522,,,,,,
1999,November,410,,France,48.8566,2.3522,,,,,,
1999,November,411,,France,48.8566,2.3522,,,,,,
1999,November,412,,France,48.8566,2.3522,,,,,,
1999,December,413,,France,48.8566,2.3522,,,,,,
1999,December,414,,France,48.8566,2.3522,,,,,,
1999,December,415,,France,48.8566,2.3522,,,,,,
1999,December,416,,France,48.8566,2.3522,,,,,,
2000,January,417,,France,48.8566,2.3522,,,,,,
2000,January,418,,France,48.8566,2.3522,,,,,,
2000,January,419,,France,48.8566,2.3522,,,,,,
2000,January,420,,France,48.8566,2.3522,,,,,,
2000,January,421,,France,48.8566,2.3522,,,,,,
2000,February,422,,France,48.8566,2.3522,,,,,,
2000,February,423,,France,48.8566,2.3522,,,,,,
2000,February,424,,France,48.8566,2.3522,,,,,,
2000,February,425,,France,48.8566,2.3522,,,,,,
2000,March,426,,France,48.8566,2.3522,,,,,,
2000,March,427,,France,48.8566,2.3522,,,,,,
2000,March,428,,France,48.8566,2.3522,,,,,,
2000,March,429,,France,48.8566,2.3522,,,,,,
2000,April,430,,France,48.8566,2.3522,,,,,,
2000,April,431,,France,48.8566,2.3522,,,,,,
2000,April,432,,France,48.8566,2.3522,,,,,,
2000,April,433,,France,48.8566,2.3522,,,,,,
2000,April,434,,France,48.8566,2.3522,,,,,,
2000,May,435,,France,48.8566,2.3522,,,,,,
2000,May,436,,France,48.8566,2.3522,,,,,,
2000,May,437,,France,48.8566,2.3522,,,,,,
2000,May,438,,France,48.8566,2.3522,,,,,,
2000,June,439,,France,48.8566,2.3522,,,,,,
2000,June,440,,France,48.8566,2.3522,,,,,,
2000,June,441,,France,48.8566,2.3522,,,,,,
2000,June,442,,France,48.8566,2.3522,,,,,,
2000,July,443,,France,48.8566,2.3522,,,,,,
2000,July,444,,France,48.8566,2.3522,,,,,,
2000,July,445,,France,48.8566,2.3522,,,,,,
2000,July,446,,France,48.8566,2.3522,,,,,,
2000,July,447,,France,48.8566,2.3522,,,,,,
2000,August,448,,France,48.8566,2.3522,,,,,,
2000,August,449,,France,48.8566,2.3522,,,,,,
2000,August,450,,France,48.8566,2.3522,,,,,,
2000,August,451,,France,48.8566,2.3522,,,,,,
2000,September,452,,France,48.8566,2.3522,,,,,,
2000,September,453,,France,48.8566,2.3522,,,,,,
2000,September,454,,France,48.8566,2.3522,,,,,,
2000,September,455,,France,48.8566,2.3522,,,,,,
2000,October,456,,France,48.8566,2.3522,,,,,,
2000,October,457,,France,48.8566,2.3522,,,,,,
2000,October,458,,France,48.8566,2.3522,,,,,,
2000,October,459,,France,48.8566,2.3522,,,,,,
2000,October,460,,France,48.8566,2.3522,,,,,,
2000,November,461,,France,48.8566,2.3522,,,,,,
2000,November,462,,France,48.8566,2.3522,,,,,,
2000,November,463,,France,48.8566,2.3522,,,,,,
2000,November,464,,France,48.8566,2.3522,,,,,,
2000,December,465,,France,48.8566,2.3522,,,,,,
2000,December,466,,France,48.8566,2.3522,,,,,,
2000,December,467,,France,48.8566,2.3522,,,,,,
2000,December,468,,France,48.8566,2.3522,,,,,,
2000,December,469,,France,48.8566,2.3522,,,,,,
2001,January,470,,France,48.8566,2.3522,,,,,,
2001,January,471,,France,48.8566,2.3522,,,,,,
2001,January,472,,France,48.8566,2.3522,,,,,,
2001,January,473,,France,48.8566,2.3522,,,,,,
2001,February,474,,France,48.8566,2.3522,,,,,,
2001,February,475,,France,48.8566,2.3522,,,,,,
2001,February,476,,France,48.8566,2.3522,,,,,,
2001,February,477,,France,48.8566,2.3522,,,,,,
2001,March,478,,France,48.8566,2.3522,,,,,,
2001,March,479,,France,48.8566,2.3522,,,,,,
2001,March,480,,France,48.8566,2.3522,,,,,,
2001,March,481,,France,48.8566,2.3522,,,,,,
2001,April,482,,France,48.8566,2.3522,,,,,,
2001,April,483,,France,48.8566,2.3522,,,,,,
2001,April,484,,France,48.8566,2.3522,,,,,,
2001,April,485,,France,48.8566,2.3522,,,,,,
2001,April,486,,France,48.8566,2.3522,,,,,,
2001,May,487,,France,48.8566,2.3522,,,,,,
2001,May,488,,France,48.8566,2.3522,,,,,,
2001,May,489,,France,48.8566,2.3522,,,,,,
2001,May,490,,France,48.8566,2.3522,,,,,,
2001,June,491,,France,48.8566,2.3522,,,,,,
2001,June,492,,France,48.8566,2.3522,,,,,,
2001,June,493,,France,48.8566,2.3522,,,,,,
2001,June,494,,France,48.8566,2.3522,,,,,,
2001,July,495,,France,48.8566,2.3522,,,,,,
2001,July,496,,France,48.8566,2.3522,,,,,,
2001,July,497,,France,48.8566,2.3522,,,,,,
2001,July,498,,France,48.8566,2.3522,,,,,,
2001,July,499,,France,48.8566,2.3522,,,,,,
2001,August,500,,France,48.8566,2.3522,,,,,,
2001,August,501,,France,48.8566,2.3522,,,,,,
2001,August,502,,France,48.8566,2.3522,,,,,,
2001,August,503,,France,48.8566,2.3522,,,,,,
2001,September,504,,France,48.8566,2.3522,,,,,,
2001,September,505,,France,48.8566,2.3522,,,,,,
2001,September,506,,France,48.8566,2.3522,,,,,,
2001,September,507,,France,48.8566,2.3522,,,,,,
2001,September,508,,France,48.8566,2.3522,,,,,,
2001,October,509,,France,48.8566,2.3522,,,,,,
2001,October,510,,France,48.8566,2.3522,,,,,,
2001,October,511,,France,48.8566,2.3522,,,,,,
2001,October,512,,France,48.8566,2.3522,,,,,,
2001,November,513,,France,48.8566,2.3522,,,,,,
2001,November,514,,France,48.8566,2.3522,,,,,,
2001,November,515,,France,48.8566,2.3522,,,,,,
2001,November,516,,France,48.8566,2.3522,,,,,,
2001,November,517,,France,48.8566,2.3522,,,,,,
2001,December,518,,France,48.8566,2.3522,,,,,,
2001,December,519,,France,48.8566,2.3522,,,,,,
2001,December,520,,France,48.8566,2.3522,,,,,,
2001,December,521,,France,48.8566,2.3522,,,,,,
2001,December,522,,France,48.8566,2.3522,,,,,,
2002,January,523,,France,48.8566,2.3522,,,,,,
2002,January,524,,France,48.8566,2.3522,,,,,,
2002,January,525,,France,48.8566,2.3522,,,,,,
2002,January,526,,France,48.8566,2.3522,,,,,,
2002,February,527,,France,48.8566,2.3522,,,,,,
2002,February,528,,France,48.8566,2.3522,,,,,,
2002,February,529,,France,48.8566,2.3522,,,,,,
2002,February,530,,France,48.8566,2.3522,,,,,,
2002,March,531,,France,48.8566,2.3522,,,,,,
2002,March,532,,France,48.8566,2.3522,,,,,,
2002,March,533,,France,48.8566,2.3522,,,,,,
2002,March,534,,France,48.8566,2.3522,,,,,,
2002,March,535,,France,48.8566,2.3522,,,,,,
2002,April,536,,France,48.8566,2.3522,,,,,,
2002,April,537,,France,48.8566,2.3522,,,,,,
2002,April,538,,France,48.8566,2.3522,,,,,,
2002,April,539,,France,48.8566,2.3522,,,,,,
2002,May,540,,France,48.8566,2.3522,,,,,,
2002,May,541,,France,48.8566,2.3522,,,,,,
2002,May,542,,France,48.8566,2.3522,,,,,,
2002,May,543,,France,48.8566,2.3522,,,,,,
2002,June,544,,France,48.8566,2.3522,,,,,,
2002,June,545,,France,48.8566,2.3522,,,,,,
2002,June,546,,France,48.8566,2.3522,,,,,,
2002,June,547,,France,48.8566,2.3522,,,,,,
2002,June,548,,France,48.8566,2.3522,,,,,,
2002,July,549,,France,48.8566,2.3522,,,,,,
2002,July,550,,France,48.8566,2.3522,,,,,,
2002,July,551,,France,48.8566,2.3522,,,,,,
2002,July,552,,France,48.8566,2.3522,,,,,,
2002,August,553,,France,48.8566,2.3522,,,,,,
2002,August,554,,France,48.8566,2.3522,,,,,,
2002,August,555,,France,48.8566,2.3522,,,,,,
2002,August,556,,France,48.8566,2.3522,,,,,,
2002,September,557,,France,48.8566,2.3522,,,,,,
2002,September,558,,France,48.8566,2.3522,,,,,,
2002,September,559,,France,48.8566,2.3522,,,,,,
2002,September,560,,France,48.8566,2.3522,,,,,,
2002,September,561,,France,48.8566,2.3522,,,,,,
2002,October,562,,France,48.8566,2.3522,,,,,,
2002,October,563,,France,48.8566,2.3522,,,,,,
2002,October,564,,France,48.8566,2.3522,,,,,,
2002,October,565,,France,48.8566,2.3522,,,,,,
2002,November,566,,France,48.8566,2.3522,,,,,,
2002,November,567,,France,48.8566,2.3522,,,,,,
2002,November,568,,France,48.8566,2.3522,,,,,,
2002,November,569,,France,48.8566,2.3522,,,,,,
2002,December,570,,France,48.8566,2.3522,,,,,,
2002,December,571,,France,48.8566,2.3522,,,,,,
2002,December,572,,France,48.8566,2.3522,,,,,,
2002,December,573,,France,48.8566,2.3522,,,,,,
2002,December,574,,France,48.8566,2.3522,,,,,,
2003,January,575,,France,48.8566,2.3522,,,,,,
2003,January,576,,France,48.8566,2.3522,,,,,,
2003,January,577,,France,48.8566,2.3522,,,,,,
2003,January,578,,France,48.8566,2.3522,,,,,,
2003,February,579,,France,48.8566,2.3522,,,,,,
2003,February,580,,France,48.8566,2.3522,,,,,,
2003,February,581,,France,48.8566,2.3522,,,,,,
2003,February,582,,France,48.8566,2.3522,,,,,,
2003,March,583,,France,48.8566,2.3522,,,,,,
2003,March,584,,France,48.8566,2.3522,,,,,,
2003,March,585,,France,48.8566,2.3522,,,,,,
2003,March,586,,France,48.8566,2.3522,,,,,,
2003,March,587,,France,48.8566,2.3522,,,,,,
2003,April,588,,France,48.8566,2.3522,,,,,,
2003,April,589,,France,48.8566,2.3522,,,,,,
2003,April,590,,France,48.8566,2.3522,,,,,,
2003,April,591,,France,48.8566,2.3522,,,,,,
2003,May,592,,France,48.8566,2.3522,,,,,,
2003,May,593,,France,48.8566,2.3522,,,,,,
2003,May,594,,England,51.5074,-0.1278,,,,,,
2003,May,595,,England,51.5074,-0.1278,,,,,,
2003,June,596,,France,48.8566,2.3522,,,,,,
2003,June,597,,France,48.8566,2.3522,,,,,,
2003,June,598,,France,48.8566,2.3522,,,,,,
2003,June,599,,France,48.8566,2.3522,,,,,,
2003,June,600,,France,48.8566,2.3522,,,,,,
2003,July,601,,France,48.8566,2.3522,,,,,,
2003,July,602,,France,48.8566,2.3522,,,,,,
2003,July,603,,France,48.8566,2.3522,,,,,,
2003,July,604,,France,48.8566,2.3522,,,,,,
2003,August,605,,France,48.8566,2.3522,,,,,,
2003,August,606,,France,48.8566,2.3522,,,,,,
2003,August,607,,France,48.8566,2.3522,,,,,,
2003,August,608,,France,48.8566,2.3522,,,,,,
2003,August,609,,France,48.8566,2.3522,,,,,,
2003,September,610,,France,48.8566,2.3522,,,,,,
2003,September,611,,France,48.8566,2.3522,,,,,,
2003,September,612,,France,48.8566,2.3522,,,,,,
2003,September,613,,France,48.8566,2.3522,,,,,,
2003,October,614,,France,48.8566,2.3522,,,,,,
2003,October,615,,France,48.8566,2.3522,,,,,,
2003,October,616,,France,48.8566,2.3522,,,,,,
2003,October,617,,France,48.8566,2.3522,,,,,,
2003,November,618,,France,48.8566,2.3522,,,,,,
2003,November,619,,France,48.8566,2.3522,,,,,,
2003,November,620,,France,48.8566,2.3522,,,,,,
2003,November,621,,France,48.8566,2.3522,,,,,,
2003,November,622,,France,48.8566,2.3522,,,,,,
2003,December,623,,France,48.8566,2.3522,,,,,,
2003,December,624,,France,48.8566,2.3522,,,,,,
2003,December,625,,France,48.8566,2.3522,,,,,,
2003,December,626,,France,48.8566,2.3522,,,,,,
2004,January,627,,France,48.8566,2.3522,,,,,,
2004,January,628,,France,48.8566,2.3522,,,,,,
2004,January,629,,France,48.8566,2.3522,,,,,,
2004,January,630,,France,48.8566,2.3522,,,,,,
2004,February,631,,France,48.8566,2.3522,,,,,,
2004,February,632,,France,48.8566,2.3522,,,,,,
2004,February,633,,France,48.8566,2.3522,,,,,,
2004,February,634,,France,48.8566,2.3522,,,,,,
2004,February,635,,France,48.8566,2.3522,,,,,,
2004,March,636,,France,48.8566,2.3522,,,,,,
2004,March,637,,France,48.8566,2.3522,,,,,,
2004,March,638,,France,48.8566,2.3522,,,,,,
2004,March,639,,France,48.8566,2.3522,,,,,,
2004,April,640,,France,48.8566,2.3522,,,,,,
2004,April,641,,France,48.8566,2.3522,,,,,,
2004,April,642,,France,48.8566,2.3522,,,,,,
2004,April,643,,France,48.8566,2.3522,,,,,,
2004,May,644,,France,48.8566,2.3522,,,,,,
2004,May,645,,France,48.8566,2.3522,,,,,,
2004,May,646,,France,48.8566,2.3522,,,,,,
2004,May,647,,France,48.8566,2.3522,,,,,,
2004,May,648,,France,48.8566,2.3522,,,,,,
2004,June,649,,France,48.8566,2.3522,,,,,,
2004,June,650,,France,48.8566,2.3522,,,,,,
2004,June,651,,France,48.8566,2.3522,,,,,,
2004,June,652,,France,48.8566,2.3522,,,,,,
2004,July,653,,France,48.8566,2.3522,,,,,,
2004,July,654,,France,48.8566,2.3522,,,,,,
2004,July,655,,France,48.8566,2.3522,,,,,,
2004,July,656,,France,48.8566,2.3522,,,,,,
2004,August,657,,France,48.8566,2.3522,,,,,,
2004,August,658,,France,48.8566,2.3522,,,,,,
2004,August,659,,France,48.8566,2.3522,,,,,,
2004,August,660,,France,48.8566,2.3522,,,,,,
2004,August,661,,France,48.8566,2.3522,,,,,,
2004,September,662,,France,48.8566,2.3522,,,,,,
2004,September,663,,France,48.8566,2.3522,,,,,,
2004,September,664,,France,48.8566,2.3522,,,,,,
2004,September,665,,France,48.8566,2.3522,,,,,,
2004,October,666,,France,48.8566,2.3522,,,,,,
2004,October,667,,France,48.8566,2.3522,,,,,,
2004,October,668,,France,48.8566,2.3522,,,,,,
2004,October,669,,France,48.8566,2.3522,,,,,,
2004,October,670,,France,48.8566,2.3522,,,,,,
2004,November,671,,France,48.8566,2.3522,,,,,,
2004,November,672,,France,48.8566,2.3522,,,,,,
2004,November,673,,France,48.8566,2.3522,,,,,,
2004,November,674,,France,48.8566,2.3522,,,,,,
2004,December,675,,France,48.8566,2.3522,,,,,,
2004,December,676,,France,48.8566,2.3522,,,,,,
2004,December,677,,France,48.8566,2.3522,,,,,,
2004,December,678,,France,48.8566,2.3522,,,,,,
2005,January,679,,France,48.8566,2.3522,,,,,,
2005,January,680,,France,48.8566,2.3522,,,,,,
2005,January,681,,France,48.8566,2.3522,,,,,,
2005,January,682,,France,48.8566,2.3522,,,,,,
2005,January,683,,France,48.8566,2.3522,,,,,,
2005,February,684,,France,48.8566,2.3522,,,,,,
2005,February,685,,France,48.8566,2.3522,,,,,,
2005,February,686,,France,48.8566,2.3522,,,,,,
2005,February,687,,France,48.8566,2.3522,,,,,,
2005,March,688,,France,48.8566,2.3522,,,,,,
2005,March,689,,France,48.8566,2.3522,,,,,,
2005,March,690,,France,48.8566,2.3522,,,,,,
2005,March,691,,France,48.8566,2.3522,,,,,,
2005,April,692,,France,48.8566,2.3522,,,,,,
2005,April,693,,France,48.8566,2.3522,,,,,,
2005,April,694,,France,48.8566,2.3522,,,,,,
2005,April,695,,France,48.8566,2.3522,,,,,,
2005,May,696,,France,48.8566,2.3522,,,,,,
2005,May,697,,France,48.8566,2.3522,,,,,,
2005,May,698,,France,48.8566,2.3522,,,,,,
2005,May,699,,France,48.8566,2.3522,,,,,,
2005,May,700,,France,48.8566,2.3522,,,,,,
2005,June,701,,France,48.8566,2.3522,,,,,,
2005,June,702,,France,48.8566,2.3522,,,,,,
2005,June,703,,France,48.8566,2.3522,,,,,,
2005,June,704,,France,48.8566,2.3522,,,,,,
2005,July,705,,France,48.8566,2.3522,,,,,,
2005,July,706,,France,48.8566,2.3522,,,,,,
2005,July,707,,France,48.8566,2.3522,,,,,,
2005,July,708,,France,48.8566,2.3522,,,,,,
2005,July,709,,France,48.8566,2.3522,,,,,,
2005,August,710,,France,48.8566,2.3522,,,,,,
2005,August,711,,France,48.8566,2.3522,,,,,,
2005,August,712,,France,48.8566,2.3522,,,,,,
2005,August,713,,France,48.8566,2.3522,,,,,,
2005,September,714,,France,48.8566,2.3522,,,,,,
2005,September,715,,France,48.8566,2.3522,,,,,,
2005,September,716,,France,48.8566,2.3522,,,,,,
2005,September,717,,France,48.8566,2.3522,,,,,,
2005,October,718,,France,48.8566,2.3522,,,,,,
2005,October,719,,France,48.8566,2.3522,,,,,,
2005,October,720,,France,48.8566,2.3522,,,,,,
2005,October,721,,France,48.8566,2.3522,,,,,,
2005,October,722,,France,48.8566,2.3522,,,,,,
2005,November,723,,France,48.8566,2.3522,,,,,,
2005,November,724,,France,48.8566,2.3522,,,,,,
2005,November,725,,France,48.8566,2.3522,,,,,,
2005,November,726,,France,48.8566,2.3522,,,,,,
2005,December,727,,France,48.8566,2.3522,,,,,,
2005,December,728,,France,48.8566,2.3522,,,,,,
2005,December,729,,France,48.8566,2.3522,,,,,,
2005,December,730,,France,48.8566,2.3522,,,,,,
2006,January,731,,France,48.8566,2.3522,,,,,,
2006,January,732,,France,48.8566,2.3522,,,,,,
2006,January,733,,France,48.8566,2.3522,,,,,,
2006,January,734,,France,48.8566,2.3522,,,,,,
2006,January,735,,France,48.8566,2.3522,,,,,,
2006,February,736,,France,48.8566,2.3522,,,,,,
2006,February,737,,France,48.8566,2.3522,,,,,,
2006,February,738,,France,48.8566,2.3522,,,,,,
2006,February,739,,France,48.8566,2.3522,,,,,,
2006,March,740,,France,48.8566,2.3522,,,,,,
2006,March,741,,France,48.8566,2.3522,,,,,,
2006,March,742,,France,48.8566,2.3522,,,,,,
2006,March,743,,France,48.8566,2.3522,,,,,,
2006,April,744,,France,48.8566,2.3522,,,,,,
2006,April,745,,France,48.8566,2.3522,,,,,,
2006,April,746,,France,48.8566,2.3522,,,,,,
2006,April,747,,France,48.8566,2.3522,,,,,,
2006,April,748,,France,48.8566,2.3522,,,,,,
2006,May,749,,France,48.8566,2.3522,,,,,,
2006,May,750,,France,48.8566,2.3522,,,,,,
2006,May,751,,France,48.8566,2.3522,,,,,,
2006,May,752,,France,48.8566,2.3522,,,,,,
2006,June,753,,France,48.8566,2.3522,,,,,,
2006,June,754,,France,48.8566,2.3522,,,,,,
2006,June,755,,France,48.8566,2.3522,,,,,,
2006,June,756,,France,48.8566,2.3522,,,,,,
2006,July,757,,France,48.8566,2.3522,,,,,,
2006,July,758,,France,48.8566,2.3522,,,,,,
2006,July,759,,France,48.8566,2.3522,,,,,,
2006,July,760,,France,48.8566,2.3522,,,,,,
2006,July,761,,France,48.8566,2.3522,,,,,,
2006,August,762,,France,48.8566,2.3522,,,,,,
2006,August,763,,France,48.8566,2.3522,,,,,,
2006,August,764,,France,48.8566,2.3522,,,,,,
2006,August,765,,France,48.8566,2.3522,,,,,,
2006,September,766,,France,48.8566,2.3522,,,,,,
2006,September,767,,France,48.8566,2.3522,,,,,,
2006,September,768,,France,48.8566,2.3522,,,,,,
2006,September,769,,France,48.8566,2.3522,,,,,,
2006,October,770,,France,48.8566,2.3522,,,,,,
2006,October,771,,France,48.8566,2.3522,,,,,,
2006,October,772,,France,48.8566,2.3522,,,,,,
2006,October,773,,France,48.8566,2.3522,,,,,,
2006,October,774,,France,48.8566,2.3522,,,,,,
2006,November,775,,France,48.8566,2.3522,,,,,,
2006,November,776,,France,48.8566,2.3522,,,,,,
2006,November,777,,France,48.8566,2.3522,,,,,,
2006,November,778,,France,48.8566,2.3522,,,,,,
2006,December,779,,France,48.8566,2.3522,,,,,,
2006,December,780,,France,48.8566,2.3522,,,,,,
2006,December,781,,France,48.8566,2.3522,,,,,,
2006,December,782,,France,48.8566,2.3522,,,,,,
2006,December,783,,France,48.8566,2.3522,,,,,,
2007,January,784,,France,48.8566,2.3522,,,,,,
2007,January,785,,France,48.8566,2.3522,,,,,,
2007,January,786,,France,48.8566,2.3522,,,,,,
2007,January,787,,France,48.8566,2.3522,,,,,,
2007,February,788,,France,48.8566,2.3522,,,,,,
2007,February,789,,France,48.8566,2.3522,,,,,,
2007,February,790,,France,48.8566,2.3522,,,,,,
2007,February,791,,France,48.8566,2.3522,,,,,,
2007,March,792,,France,48.8566,2.3522,,,,,,
2007,March,793,,France,48.8566,2.3522,,,,,,
2007,March,794,,France,48.8566,2.3522,,,,,,
2007,March,795,,France,48.8566,2.3522,,,,,,
2007,April,796,,France,48.8566,2.3522,,,,,,
2007,April,797,,France,48.8566,2.3522,,,,,,
2007,April,798,,France,48.8566,2.3522,,,,,,
2007,April,799,,France,48.8566,2.3522,,,,,,
2007,April,800,,France,48.8566,2.3522,,,,,,
2007,May,801,,Portugal,38.7223,-9.1393,,,,,,
2007,May,802,,Portugal,38.7223,-9.1393,,,,,,
2007,May,803,,Portugal,38.7223,-9.1393,,,,,,
2007,May,804,,Portugal,38.7223,-9.1393,,,,,,
2007,June,805,,Portugal,38.7223,-9.1393,,,,,,
2007,June,806,,Portugal,38.7223,-9.1393,,,,,,
2007,June,807,,Portugal,38.7223,-9.1393,,,,,,
2007,June,808,,Portugal,38.7223,-9.1393,,,,,,
2007,July,809,,Portugal,38.7223,-9.1393,,,,,,
2007,July,810,,Portugal,38.7223,-9.1393,,,,,,
2007,July,811,,Portugal,38.7223,-9.1393,,,,,,
2007,July,812,,Portugal,38.7223,-9.1393,,,,,,
2007,July,813,,Portugal,38.7223,-9.1393,,,,,,
2007,August,814,,Portugal,38.7223,-9.1393,,,,,,
2007,August,815,,Portugal,38.7223,-9.1393,,,,,,
2007,August,816,,Portugal,38.7223,-9.1393,,,,,,
2007,August,817,,Portugal,38.7223,-9.1393,,,,,,
2007,September,818,,Portugal,38.7223,-9.1393,,,,,,
2007,September,819,,Portugal,38.7223,-9.1393,,,,,,
2007,September,820,,Portugal,38.7223,-9.1393,,,,,,
2007,September,821,,Portugal,38.7223,-9.1393,,,,,,
2007,September,822,,Portugal,38.7223,-9.1393,,,,,,
2007,October,823,,Portugal,38.7223,-9.1393,,,,,,
2007,October,824,,Portugal,38.7223,-9.1393,,,,,,
2007,October,825,,Portugal,38.7223,-9.1393,,,,,,
2007,October,826,,Portugal,38.7223,-9.1393,,,,,,
2007,November,827,,Portugal,38.7223,-9.1393,,,,,,
2007,November,828,,Portugal,38.7223,-9.1393,,,,,,
2007,November,829,,Portugal,38.7223,-9.1393,,,,,,
2007,November,830,,Portugal,38.7223,-9.1393,,,,,,
2007,December,831,,Portugal,38.7223,-9.1393,,,,,,
2007,December,832,,France,48.8566,2.3522,,,,,,
2007,December,833,,France,48.8566,2.3522,,,,,,
2007,December,834,,France,48.8566,2.3522,,,,,,
2007,December,835,,Portugal,38.7223,-9.1393,,,,,,
2008,January,836,,Portugal,38.7223,-9.1393,,,,,,
2008,January,837,,Portugal,38.7223,-9.1393,,,,,,
2008,January,838,,Portugal,38.7223,-9.1393,,,,,,
2008,January,839,,Portugal,38.7223,-9.1393,,,,,,
2008,February,840,,Portugal,38.7223,-9.1393,,,,,,
2008,February,841,,Portugal,38.7223,-9.1393,,,,,,
2008,February,842,,Portugal,38.7223,-9.1393,,,,,,
2008,February,843,,Portugal,38.7223,-9.1393,,,,,,
2008,March,844,,Portugal,38.7223,-9.1393,,,,,,
2008,March,845,,Portugal,38.7223,-9.1393,,,,,,
2008,March,846,,Portugal,38.7223,-9.1393,,,,,,
2008,March,847,,Portugal,38.7223,-9.1393,,,,,,
2008,March,848,,Portugal,38.7223,-9.1393,,,,,,
2008,April,849,,Portugal,38.7223,-9.1393,,,,,,
2008,April,850,,Portugal,38.7223,-9.1393,,,,,,
2008,April,851,,Portugal,38.7223,-9.1393,,,,,,
2008,April,852,,Portugal,38.7223,-9.1393,,,,,,
2008,May,853,,Portugal,38.7223,-9.1393,,,,,,
2008,May,854,,Portugal,38.7223,-9.1393,,,,,,
2008,May,855,,Portugal,38.7223,-9.1393,,,,,,
2008,May,856,,Portugal,38.7223,-9.1393,,,,,,
2008,June,857,,Portugal,38.7223,-9.1393,,,,,,
2008,June,858,,Portugal,38.7223,-9.1393,,,,,,
2008,June,859,,Portugal,38.7223,-9.1393,,,,,,
2008,June,860,,Portugal,38.7223,-9.1393,,,,,,
2008,June,861,,Portugal,38.7223,-9.1393,,,,,,
2008,July,862,,Portugal,38.7223,-9.1393,,,,,,
2008,July,863,,Portugal,38.7223,-9.1393,,,,,,
2008,July,864,,Portugal,38.7223,-9.1393,,,,,,
2008,July,865,,Portugal,38.7223,-9.1393,,,,,,
2008,August,866,,Portugal,38.7223,-9.1393,,,,,,
2008,August,867,,Portugal,38.7223,-9.1393,,,,,,
2008,August,868,,Portugal,38.7223,-9.1393,,,,,,
2008,August,869,,Portugal,38.7223,-9.1393,,,,,,
2008,August,870,,Portugal,38.7223,-9.1393,,,,,,
2008,September,871,,Portugal,38.7223,-9.1393,,,,,,
2008,September,872,,Portugal,38.7223,-9.1393,,,,,,
2008,September,873,,Portugal,38.7223,-9.1393,,,,,,
2008,September,874,,Portugal,38.7223,-9.1393,,,,,,
2008,October,875,,Portugal,38.7223,-9.1393,,,,,,
2008,October,876,,Portugal,38.7223,-9.1393,,,,,,
2008,October,877,,Portugal,38.7223,-9.1393,,,,,,
2008,October,878,,Portugal,38.7223,-9.1393,,,,,,
2008,November,879,,Portugal,38.7223,-9.1393,,,,,,
2008,November,880,,Portugal,38.7223,-9.1393,,,,,,
2008,November,881,,Portugal,38.7223,-9.1393,,,,,,
2008,November,882,,Portugal,38.7223,-9.1393,,,,,,
2008,November,883,,Portugal,38.7223,-9.1393,,,,,,
2008,December,884,,Portugal,38.7223,-9.1393,,,,,,
2008,December,885,,France,48.8566,2.3522,,,,,,
2008,December,886,,France,48.8566,2.3522,,,,,,
2008,December,887,,France,48.8566,2.3522,,,,,,
2009,January,888,,Portugal,38.7223,-9.1393,,,,,,
2009,January,889,,Portugal,38.7223,-9.1393,,,,,,
2009,January,890,,Portugal,38.7223,-9.1393,,,,,,
2009,January,891,,Portugal,38.7223,-9.1393,,,,,,
2009,February,892,,Portugal,38.7223,-9.1393,,,,,,
2009,February,893,,Portugal,38.7223,-9.1393,,,,,,
2009,February,894,,Portugal,38.7223,-9.1393,,,,,,
2009,February,895,,Portugal,38.7223,-9.1393,,,,,,
2009,March,896,,Portugal,38.7223,-9.1393,,,,,,
2009,March,897,,Portugal,38.7223,-9.1393,,,,,,
2009,March,898,,Portugal,38.7223,-9.1393,,,,,,
2009,March,899,,Portugal,38.7223,-9.1393,,,,,,
2009,March,900,,Portugal,38.7223,-9.1393,,,,,,
2009,April,901,,Portugal,38.7223,-9.1393,,,,,,
2009,April,902,,Portugal,38.7223,-9.1393,,,,,,
2009,April,903,,Portugal,38.7223,-9.1393,,,,,,
2009,April,904,,Portugal,38.7223,-9.1393,,,,,,
2009,May,905,,Portugal,38.7223,-9.1393,,,,,,
2009,May,906,,Portugal,38.7223,-9.1393,,,,,,
2009,May,907,,Portugal,38.7223,-9.1393,,,,,,
2009,May,908,,Portugal,38.7223,-9.1393,,,,,,
2009,May,909,,Portugal,38.7223,-9.1393,,,,,,
2009,June,910,,Portugal,38.7223,-9.1393,,,,,,
2009,June,911,,Portugal,38.7223,-9.1393,,,,,,
2009,June,912,,Portugal,38.7223,-9.1393,,,,,,
2009,June,913,,Portugal,38.7223,-9.1393,,,,,,
2009,July,914,,Portugal,38.7223,-9.1393,,,,,,
2009,July,915,,Portugal,38.7223,-9.1393,,,,,,
2009,July,916,,Portugal,38.7223,-9.1393,,,,,,
2009,July,917,,Portugal,38.7223,-9.1393,,,,,,
2009,August,918,,Portugal,38.7223,-9.1393,,,,,,
2009,August,919,,Portugal,38.7223,-9.1393,,,,,,
2009,August,920,,Portugal,38.7223,-9.1393,,,,,,
2009,August,921,,Portugal,38.7223,-9.1393,,,,,,
2009,August,922,,Portugal,38.7223,-9.1393,,,,,,
2009,September,923,,Portugal,38.7223,-9.1393,,,,,,
2009,September,924,,Portugal,38.7223,-9.1393,,,,,,
2009,September,925,,Portugal,38.7223,-9.1393,,,,,,
2009,September,926,,Portugal,38.7223,-9.1393,,,,,,
2009,October,927,,Portugal,38.7223,-9.1393,,,,,,
2009,October,928,,Portugal,38.7223,-9.1393,,,,,,
2009,October,929,,Portugal,38.7223,-9.1393,,,,,,
2009,October,930,,Portugal,38.7223,-9.1393,,,,,,
2009,November,931,,Portugal,38.7223,-9.1393,,,,,,
2009,November,932,,Portugal,38.7223,-9.1393,,,,,,
2009,November,933,,Portugal,38.7223,-9.1393,,,,,,
2009,November,934,,Portugal,38.7223,-9.1393,,,,,,
2009,November,935,,Portugal,38.7223,-9.1393,,,,,,
2009,December,936,,Portugal,38.7223,-9.1393,,,,,,
2009,December,937,,France,48.8566,2.3522,,,,,,
2009,December,938,,France,48.8566,2.3522,,,,,,
2009,December,939,,France,48.8566,2.3522,,,,,,
2010,January,940,,Portugal,38.7223,-9.1393,,,,,,
2010,January,941,,Portugal,38.7223,-9.1393,,,,,,
2010,January,942,,Portugal,38.7223,-9.1393,,,,,,
2010,January,943,,Portugal,38.7223,-9.1393,,,,,,
2010,January,944,,Portugal,38.7223,-9.1393,,,,,,
2010,February,945,,Portugal,38.7223,-9.1393,,,,,,
2010,February,946,,Portugal,38.7223,-9.1393,,,,,,
2010,February,947,,Portugal,38.7223,-9.1393,,,,,,
2010,February,948,,Portugal,38.7223,-9.1393,,,,,,
2010,March,949,,Portugal,38.7223,-9.1393,,,,,,
2010,March,950,,Portugal,38.7223,-9.1393,,,,,,
2010,March,951,,Portugal,38.7223,-9.1393,,,,,,
2010,March,952,,Portugal,38.7223,-9.1393,,,,,,
2010,April,953,,Portugal,38.7223,-9.1393,,,,,,
2010,April,954,,Portugal,38.7223,-9.1393,,,,,,
2010,April,955,,Portugal,38.7223,-9.1393,,,,,,
2010,April,956,,Portugal,38.7223,-9.1393,,,,,,
2010,May,957,,Portugal,38.7223,-9.1393,,,,,,
2010,May,958,,Portugal,38.7223,-9.1393,,,,,,
2010,May,959,,Portugal,38.7223,-9.1393,,,,,,
2010,May,960,,Portugal,38.7223,-9.1393,,,,,,
2010,May,961,,Portugal,38.7223,-9.1393,,,,,,
2010,June,962,,Portugal,38.7223,-9.1393,,,,,,
2010,June,963,,Portugal,38.7223,-9.1393,,,,,,
2010,June,964,,Portugal,38.7223,-9.1393,,,,,,
2010,June,965,,Portugal,38.7223,-9.1393,,,,,,
2010,July,966,,Portugal,38.7223,-9.1393,,,,,,
2010,July,967,,Portugal,38.7223,-9.1393,,,,,,
2010,July,968,,Portugal,38.7223,-9.1393,,,,,,
2010,July,969,,Portugal,38.7223,-9.1393,,,,,,
2010,August,970,,Portugal,38.7223,-9.1393,,,,,,
2010,August,971,,Portugal,38.7223,-9.1393,,,,,,
2010,August,972,,Portugal,38.7223,-9.1393,,,,,,
2010,August,973,,Portugal,38.7223,-9.1393,,,,,,
2010,August,974,,Portugal,38.7223,-9.1393,,,,,,
2010,September,975,,Portugal,38.7223,-9.1393,,,,,,
2010,September,976,,Portugal,38.7223,-9.1393,,,,,,
2010,September,977,,Portugal,38.7223,-9.1393,,,,,,
2010,September,978,,Portugal,38.7223,-9.1393,,,,,,
2010,October,979,,Portugal,38.7223,-9.1393,,,,,,
2010,October,980,,Portugal,38.7223,-9.1393,,,,,,
2010,October,981,,Portugal,38.7223,-9.1393,,,,,,
2010,October,982,,Portugal,38.7223,-9.1393,,,,,,
2010,October,983,,Portugal,38.7223,-9.1393,,,,,,
2010,November,984,,Portugal,38.7223,-9.1393,,,,,,
2010,November,985,,Portugal,38.7223,-9.1393,,,,,,
2010,November,986,,Portugal,38.7223,-9.1393,,,,,,
2010,November,987,,Portugal,38.7223,-9.1393,,,,,,
2010,December,988,,Portugal,38.7223,-9.1393,,,,,,
2010,December,989,,France,48.8566,2.3522,,,,,,
2010,December,990,,France,48.8566,2.3522,,,,,,
2010,December,991,,France,48.8566,2.3522,,,,,,
2011,January,992,,Portugal,38.7223,-9.1393,,,,,,
2011,January,993,,Portugal,38.7223,-9.1393,,,,,,
2011,January,994,,Portugal,38.7223,-9.1393,,,,,,
2011,January,995,,Portugal,38.7223,-9.1393,,,,,,
2011,January,996,,Portugal,38.7223,-9.1393,,,,,,
2011,February,997,,Portugal,38.7223,-9.1393,,,,,,
2011,February,998,,Portugal,38.7223,-9.1393,,,,,,
2011,February,999,,Portugal,38.7223,-9.1393,,,,,,
2011,February,1000,,Portugal,38.7223,-9.1393,,,,,,
2011,March,1001,,Portugal,38.7223,-9.1393,,,,,,
2011,March,1002,,Portugal,38.7223,-9.1393,,,,,,
2011,March,1003,,Portugal,38.7223,-9.1393,,,,,,
2011,March,1004,,Portugal,38.7223,-9.1393,,,,,,
2011,April,1005,,Portugal,38.7223,-9.1393,,,,,,
2011,April,1006,,Portugal,38.7223,-9.1393,,,,,,
2011,April,1007,,Portugal,38.7223,-9.1393,,,,,,
2011,April,1008,,Portugal,38.7223,-9.1393,,,,,,
2011,May,1009,,Portugal,38.7223,-9.1393,,,,,,
2011,May,1010,,Portugal,38.7223,-9.1393,,,,,,
2011,May,1011,,Portugal,38.7223,-9.1393,,,,,,
2011,May,1012,,Portugal,38.7223,-9.1393,,,,,,
2011,May,1013,,Portugal,38.7223,-9.1393,,,,,,
2011,June,1014,,Portugal,38.7223,-9.1393,,,,,,
2011,June,1015,,Portugal,38.7223,-9.1393,,,,,,
2011,June,1016,,Portugal,38.7223,-9.1393,,,,,,
2011,June,1017,,Portugal,38.7223,-9.1393,,,,,,
2011,July,1018,,Portugal,38.7223,-9.1393,,,,,,
2011,July,1019,,Portugal,38.7223,-9.1393,,,,,,
2011,July,1020,,Portugal,38.7223,-9.1393,,,,,,
2011,July,1021,,Portugal,38.7223,-9.1393,,,,,,
2011,July,1022,,Portugal,38.7223,-9.1393,,,,,,
2011,August,1023,,Portugal,38.7223,-9.1393,,,,,,
2011,August,1024,,Portugal,38.7223,-9.1393,,,,,,
2011,August,1025,,Portugal,38.7223,-9.1393,,,,,,
2011,August,1026,,Portugal,38.7223,-9.1393,,,,,,
2011,September,1027,,Portugal,38.7223,-9.1393,,,,,,
2011,September,1028,,Portugal,38.7223,-9.1393,,,,,,
2011,September,1029,,Portugal,38.7223,-9.1393,,,,,,
2011,September,1030,,Portugal,38.7223,-9.1393,,,,,,
2011,October,1031,,Portugal,38.7223,-9.1393,,,,,,
2011,October,1032,,Portugal,38.7223,-9.1393,,,,,,
2011,October,1033,,Portugal,38.7223,-9.1393,,,,,,
2011,October,1034,,Portugal,38.7223,-9.1393,,,,,,
2011,October,1035,,Portugal,38.7223,-9.1393,,,,,,
2011,November,1036,,Portugal,38.7223,-9.1393,,,,,,
2011,November,1037,,Portugal,38.7223,-9.1393,,,,,,
2011,November,1038,,Portugal,38.7223,-9.1393,,,,,,
2011,November,1039,,Portugal,38.7223,-9.1393,,,,,,
2011,December,1040,,Portugal,38.7223,-9.1393,,,,,,
2011,December,1041,,France,48.8566,2.3522,,,,,,
2011,December,1042,,France,48.8566,2.3522,,,,,,
2011,December,1043,,France,48.8566,2.3522,,,,,,
2012,January,1044,,Portugal,38.7223,-9.1393,,,,,,
2012,January,1045,,Portugal,38.7223,-9.1393,,,,,,
2012,January,1046,,Portugal,38.7223,-9.1393,,,,,,
2012,January,1047,,Portugal,38.7223,-9.1393,,,,,,
2012,January,1048,,Portugal,38.7223,-9.1393,,,,,,
2012,February,1049,,Portugal,38.7223,-9.1393,,,,,,
2012,February,1050,,Portugal,38.7223,-9.1393,,,,,,
2012,February,1051,,Portugal,38.7223,-9.1393,,,,,,
2012,February,1052,,Portugal,38.7223,-9.1393,,,,,,
2012,March,1053,,Portugal,38.7223,-9.1393,,,,,,
2012,March,1054,,Portugal,38.7223,-9.1393,,,,,,
2012,March,1055,,Portugal,38.7223,-9.1393,,,,,,
2012,March,1056,,Portugal,38.7223,-9.1393,,,,,,
2012,April,1057,,Portugal,38.7223,-9.1393,,,,,,
2012,April,1058,,Portugal,38.7223,-9.1393,,,,,,
2012,April,1059,,Portugal,38.7223,-9.1393,,,,,,
2012,April,1060,,Portugal,38.7223,-9.1393,,,,,,
2012,April,1061,,Portugal,38.7223,-9.1393,,,,,,
2012,May,1062,,Portugal,38.7223,-9.1393,,,,,,
2012,May,1063,,Portugal,38.7223,-9.1393,,,,,,
2012,May,1064,,Portugal,38.7223,-9.1393,,,,,,
2012,May,1065,,Portugal,38.7223,-9.1393,,,,,,
2012,June,1066,,Portugal,38.7223,-9.1393,,,,,,
2012,June,1067,,Portugal,38.7223,-9.1393,,,,,,
2012,June,1068,,France,48.8566,2.3522,,,,,,
2012,June,1069,,France,48.8566,2.3522,,,,,,
2012,July,1070,,France,48.8566,2.3522,,,,,,
2012,July,1071,,France,48.8566,2.3522,,,,,,
2012,July,1072,,France,48.8566,2.3522,,,,,,
2012,July,1073,,France,48.8566,2.3522,,,,,,
2012,July,1074,,France,48.8566,2.3522,,,,,,
2012,August,1075,,France,48.8566,2.3522,,,,,,
2012,August,1076,,France,48.8566,2.3522,,,,,,
2012,August,1077,,France,48.8566,2.3522,,,,,,
2012,August,1078,,France,48.8566,2.3522,,,,,,
2012,September,1079,,France,48.8566,2.3522,,,,,,
2012,September,1080,,France,48.8566,2.3522,,,,,,
2012,September,1081,,France,48.8566,2.3522,,,,,,
2012,September,1082,,France,48.8566,2.3522,,,,,,
2012,September,1083,,France,48.8566,2.3522,,,,,,
2012,October,1084,,France,48.8566,2.3522,,,,,,
2012,October,1085,,France,48.8566,2.3522,,,,,,
2012,October,1086,,France,48.8566,2.3522,,,,,,
2012,October,1087,,France,48.8566,2.3522,,,,,,
2012,November,1088,,France,48.8566,2.3522,,,,,,
2012,November,1089,,France,48.8566,2.3522,,,,,,
2012,November,1090,,France,48.8566,2.3522,,,,,,
2012,November,1091,,France,48.8566,2.3522,,,,,,
2012,December,1092,,France,48.8566,2.3522,,,,,,
2012,December,1093,,France,48.8566,2.3522,,,,,,
2012,December,1094,,France,48.8566,2.3522,,,,,,
2012,December,1095,,France,48.8566,2.3522,,,,,,
2012,December,1096,,France,48.8566,2.3522,,,,,,
2013,January,1097,,France,48.8566,2.3522,,,,,,
2013,January,1098,,France,48.8566,2.3522,,,,,,
2013,January,1099,,France,48.8566,2.3522,,,,,,
2013,January,1100,,France,48.8566,2.3522,,,,,,
2013,February,1101,,France,48.8566,2.3522,,,,,,
2013,February,1102,,France,48.8566,2.3522,,,,,,
2013,February,1103,,France,48.8566,2.3522,,,,,,
2013,February,1104,,France,48.8566,2.3522,,,,,,
2013,March,1105,,France,48.8566,2.3522,,,,,,
2013,March,1106,,France,48.8566,2.3522,,,,,,
2013,March,1107,,France,48.8566,2.3522,,,,,,
2013,March,1108,,France,48.8566,2.3522,,,,,,
2013,March,1109,,France,48.8566,2.3522,,,,,,
2013,April,1110,,France,48.8566,2.3522,,,,,,
2013,April,1111,,France,48.8566,2.3522,,,,,,
2013,April,1112,,France,48.8566,2.3522,,,,,,
2013,April,1113,,France,48.8566,2.3522,,,,,,
2013,May,1114,,France,48.8566,2.3522,,,,,,
2013,May,1115,,France,48.8566,2.3522,,,,,,
2013,May,1116,,France,48.8566,2.3522,,,,,,
2013,May,1117,,France,48.8566,2.3522,,,,,,
2013,June,1118,,France,48.8566,2.3522,,,,,,
2013,June,1119,,France,48.8566,2.3522,,,,,,
2013,June,1120,,France,48.8566,2.3522,,,,,,
2013,June,1121,,France,48.8566,2.3522,,,,,,
2013,June,1122,,France,48.8566,2.3522,,,,,,
2013,July,1123,,France,48.8566,2.3522,,,,,,
2013,July,1124,,France,48.8566,2.3522,,,,,,
2013,July,1125,,France,48.8566,2.3522,,,,,,
2013,July,1126,,France,48.8566,2.3522,,,,,,
2013,August,1127,,Portugal,38.7223,-9.1393,,,,,,
2013,August,1128,,Portugal,38.7223,-9.1393,,,,,,
2013,August,1129,,Portugal,38.7223,-9.1393,,,,,,
2013,August,1130,,France,48.8566,2.3522,,,,,,
2013,September,1131,,France,48.8566,2.3522,,,,,,
2013,September,1132,,France,48.8566,2.3522,,,,,,
2013,September,1133,,France,48.8566,2.3522,,,,,,
2013,September,1134,,France,48.8566,2.3522,,,,,,
2013,September,1135,,France,48.8566,2.3522,,,,,,
2013,October,1136,,France,48.8566,2.3522,,,,,,
2013,October,1137,,France,48.8566,2.3522,,,,,,
2013,October,1138,,France,48.8566,2.3522,,,,,,
2013,October,1139,,France,48.8566,2.3522,,,,,,
2013,November,1140,,France,48.8566,2.3522,,,,,,
2013,November,1141,,France,48.8566,2.3522,,,,,,
2013,November,1142,,France,48.8566,2.3522,,,,,,
2013,November,1143,,France,48.8566,2.3522,,,,,,
2013,December,1144,,France,48.8566,2.3522,,,,,,
2013,December,1145,,France,48.8566,2.3522,,,,,,
2013,December,1146,,France,48.8566,2.3522,,,,,,
2013,December,1147,,France,48.8566,2.3522,,,,,,
2013,December,1148,,France,48.8566,2.3522,,,,,,
2014,January,1149,,France,48.8566,2.3522,,,,,,
2014,January,1150,,France,48.8566,2.3522,,,,,,
2014,January,1151,,France,48.8566,2.3522,,,,,,
2014,January,1152,,France,48.8566,2.3522,,,,,,
2014,February,1153,,France,48.8566,2.3522,,,,,,
2014,February,1154,,France,48.8566,2.3522,,,,,,
2014,February,1155,,France,48.8566,2.3522,,,,,,
2014,February,1156,,France,48.8566,2.3522,,,,,,
2014,March,1157,,France,48.8566,2.3522,,,,,,
2014,March,1158,,France,48.8566,2.3522,,,,,,
2014,March,1159,,France,48.8566,2.3522,,,,,,
2014,March,1160,,France,48.8566,2.3522,,,,,,
2014,March,1161,,France,48.8566,2.3522,,,,,,
2014,April,1162,,France,48.8566,2.3522,,,,,,
2014,April,1163,,France,48.8566,2.3522,,,,,,
2014,April,1164,,Missourri,38.627,-90.1994,,,,,,
2014,April,1165,,Missourri,38.627,-90.1994,,,,,,
2014,May,1166,,France,48.8566,2.3522,,,,,,
2014,May,1167,,France,48.8566,2.3522,,,,,,
2014,May,1168,,France,48.8566,2.3522,,,,,,
2014,May,1169,,France,48.8566,2.3522,,,,,,
2014,June,1170,,France,48.8566,2.3522,,,,,,
2014,June,1171,,France,48.8566,2.3522,,,,,,
2014,June,1172,,France,48.8566,2.3522,,,,,,
2014,June,1173,,France,48.8566,2.3522,,,,,,
2014,June,1174,,France,48.8566,2.3522,,,,,,
2014,July,1175,,France,48.8566,2.3522,,,,,,
2014,July,1176,,France,48.8566,2.3522,,,,,,
2014,July,1177,,France,48.8566,2.3522,,,,,,
2014,July,1178,,France,48.8566,2.3522,,,,,,
2014,August,1179,,Portugal,38.7223,-9.1393,,,,,,
2014,August,1180,,Portugal,38.7223,-9.1393,,,,,,
2014,August,1181,,Portugal,38.7223,-9.1393,,,,,,
2014,August,1182,,France,48.8566,2.3522,,,,,,
2014,August,1183,,France,48.8566,2.3522,,,,,,
2014,September,1184,,France,48.8566,2.3522,,,,,,
2014,September,1185,,France,48.8566,2.3522,,,,,,
2014,September,1186,,France,48.8566,2.3522,,,,,,
2014,September,1187,,France,48.8566,2.3522,,,,,,
2014,October,1188,,France,48.8566,2.3522,,,,,,
2014,October,1189,,France,48.8566,2.3522,,,,,,
2014,October,1190,,France,48.8566,2.3522,,,,,,
2014,October,1191,,France,48.8566,2.3522,,,,,,
2014,November,1192,,France,48.8566,2.3522,,,,,,
2014,November,1193,,France,48.8566,2.3522,,,,,,
2014,November,1194,,France,48.8566,2.3522,,,,,,
2014,November,1195,,France,48.8566,2.3522,,,,,,
2014,November,1196,,France,48.8566,2.3522,,,,,,
2014,December,1197,,France,48.8566,2.3522,,,,,,
2014,December,1198,,France,48.8566,2.3522,,,,,,
2014,December,1199,,France,48.8566,2.3522,,,,,,
2014,December,1200,,France,48.8566,2.3522,,,,,,
2015,January,1201,,France,48.8566,2.3522,,,,,,
2015,January,1202,,France,48.8566,2.3522,,,,,,
2015,January,1203,,France,48.8566,2.3522,,,,,,
2015,January,1204,,France,48.8566,2.3522,,,,,,
2015,February,1205,,France,48.8566,2.3522,,,,,,
2015,February,1206,,France,48.8566,2.3522,,,,,,
2015,February,1207,,France,48.8566,2.3522,,,,,,
2015,February,1208,,France,48.8566,2.3522,,,,,,
2015,March,1209,,France,48.8566,2.3522,,,,,,
2015,March,1210,,France,48.8566,2.3522,,,,,,
2015,March,1211,,France,48.8566,2.3522,,,,,,
2015,March,1212,,France,48.8566,2.3522,,,,,,
2015,March,1213,,France,48.8566,2.3522,,,,,,
2015,April,1214,,France,48.8566,2.3522,,,,,,
2015,April,1215,,France,48.8566,2.3522,,,,,,
2015,April,1216,,France,48.8566,2.3522,,,,,,
2015,April,1217,,France,48.8566,2.3522,,,,,,
2015,May,1218,,France,48.8566,2.3522,,,,,,
2015,May,1219,,France,48.8566,2.3522,,,,,,
2015,May,1220,,France,48.8566,2.3522,,,,,,
2015,May,1221,,France,48.8566,2.3522,,,,,,
2015,May,1222,,France,48.8566,2.3522,,,,,,
2015,June,1223,,France,48.8566,2.3522,,,,,,
2015,June,1224,,France,48.8566,2.3522,,,,,,
2015,June,1225,,France,48.8566,2.3522,,,,,,
2015,June,1226,,France,48.8566,2.3522,,,,,,
2015,July,1227,,France,48.8566,2.3522,,,,,,
2015,July,1228,,New York City,40.7128,-74.006,,,,,,
2015,July,1229,,New York City,40.7128,-74.006,,,,,,
2015,July,1230,,New York City,40.7128,-74.006,,,,,,
2015,August,1231,,New York City,40.7128,-74.006,,,,,,
2015,August,1232,,New York City,40.7128,-74.006,,,,,,
2015,August,1233,,New York City,40.7128,-74.006,,,,,,
2015,August,1234,,New York City,40.7128,-74.006,,,,,,
2015,August,1235,,New York City,40.7128,-74.006,,,,,,
2015,September,1236,,New York City,40.7128,-74.006,,,,,,
2015,September,1237,,New York City,40.7128,-74.006,,,,,,
2015,September,1238,,New York City,40.7128,-74.006,,,,,,
2015,September,1239,,New York City,40.7128,-74.006,,,,,,
2015,October,1240,,Wisconsin,43.0389,-87.9065,,,,,,
2015,October,1241,,Wisconsin,43.0389,-87.9065,,,,,,
2015,October,1242,,Wisconsin,43.0389,-87.9065,,,,,,
2015,October,1243,,New York City,40.7128,-74.006,,,,,,
2015,November,1244,,New York City,40.7128,-74.006,,,,,,
2015,November,1245,,New York City,40.7128,-74.006,,,,,,
2015,November,1246,,New York City,40.7128,-74.006,,,,,,
2015,November,1247,,New York City,40.7128,-74.006,,,,,,
2015,November,1248,,New York City,40.7128,-74.006,,,,,,
2015,December,1249,,New York City,40.7128,-74.006,,,,,,
2015,December,1250,,New York City,40.7128,-74.006,,,,,,
2015,December,1251,,New York City,40.7128,-74.006,,,,,,
2015,December,1252,,New York City,40.7128,-74.006,,,,,,
2016,January,1253,,New York City,40.7128,-74.006,,,,,,
2016,January,1254,,New York City,40.7128,-74.006,,,,,,
2016,January,1255,,Montreal,45.5017,-73.5673,,,,,,
2016,January,1256,,Montreal,45.5017,-73.5673,,,,,,
2016,January,1257,,New York City,40.7128,-74.006,,,,,,
2016,February,1258,,New York City,40.7128,-74.006,,,,,,
2016,February,1259,,New York City,40.7128,-74.006,,,,,,
2016,February,1260,,New York City,40.7128,-74.006,,,,,,
2016,February,1261,,New York City,40.7128,-74.006,,,,,,
2016,March,1262,,New York City,40.7128,-74.006,,,,,,
2016,March,1263,,Vegas,36.1699,-115.1398,,,,,,
2016,March,1264,,New York City,40.7128,-74.006,,,,,,
2016,March,1265,,New York City,40.7128,-74.006,,,,,,
2016,April,1266,,New York City,40.7128,-74.006,,,,,,
2016,April,1267,,New York City,40.7128,-74.006,,,,,,
2016,April,1268,,New York City,40.7128,-74.006,,,,,,
2016,April,1269,,New York City,40.7128,-74.006,,,,,,
2016,May,1270,,New York City,40.7128,-74.006,,,,,,
2016,May,1271,,New York City,40.7128,-74.006,,,,,,
2016,May,1272,,New York City,40.7128,-74.006,,,,,,
2016,May,1273,,New York City,40.7128,-74.006,,,,,,
2016,May,1274,,New York City,40.7128,-74.006,,,,,,
2016,June,1275,,New York City,40.7128,-74.006,,,,,,
2016,June,1276,,New York City,40.7128,-74.006,,,,,,
2016,June,1277,,New York City,40.7128,-74.006,,,,,,
2016,June,1278,,New York City,40.7128,-74.006,,,,,,
2016,July,1279,,New York City,40.7128,-74.006,,,,,,
2016,July,1280,,Dominican Republic,18.5601,-68.3725,,,,,,
2016,July,1281,,Dominican Republic,18.5601,-68.3725,,,,,,
2016,July,1282,,New York City,40.7128,-74.006,,,,,,
2016,July,1283,,New York City,40.7128,-74.006,,,,,,
2016,August,1284,,Portugal,38.7223,-9.1393,,,,,,
2016,August,1285,,Portugal,38.7223,-9.1393,,,,,,
2016,August,1286,,Portugal,38.7223,-9.1393,,,,,,
2016,August,1287,,New York City,40.7128,-74.006,,,,,,
2016,September,1288,,New York City,40.7128,-74.006,,,,,,
2016,September,1289,,New York City,40.7128,-74.006,,,,,,
2016,September,1290,,New York City,40.7128,-74.006,,,,,,
2016,September,1291,,New York City,40.7128,-74.006,,,,,,
2016,October,1292,,New York City,40.7128,-74.006,,,,,,
2016,October,1293,,New York City,40.7128,-74.006,,,,,,
2016,October,1294,,New York City,40.7128,-74.006,,,,,,
2016,October,1295,,New York City,40.7128,-74.006,,,,,,
2016,October,1296,,New York City,40.7128,-74.006,,,,,,
2016,November,1297,,New York City,40.7128,-74.006,,,,,,
2016,November,1298,,New York City,40.7128,-74.006,,,,,,
2016,November,1299,,New York City,40.7128,-74.006,,,,,,
2016,November,1300,,New York City,40.7128,-74.006,,,,,,
2016,December,1301,,New York City,40.7128,-74.006,,,,,,
2016,December,1302,,New York City,40.7128,-74.006,,,,,,
2016,December,1303,,New York City,40.7128,-74.006,,,,,,
2016,December,1304,,New York City,40.7128,-74.006,,,,,,
2017,January,1305,,New York City,40.7128,-74.006,,,,,,
2017,January,1306,,New York City,40.7128,-74.006,,,,,,
2017,January,1307,,New York City,40.7128,-74.006,,,,,,
2017,January,1308,,New York City,40.7128,-74.006,,,,,,
2017,January,1309,,New York City,40.7128,-74.006,,,,,,
2017,February,1310,,New York City,40.7128,-74.006,,,,,,
2017,February,1311,,New York City,40.7128,-74.006,,,,,,
2017,February,1312,,New York City,40.7128,-74.006,,,,,,
2017,February,1313,,New York City,40.7128,-74.006,,,,,,
2017,March,1314,,New York City,40.7128,-74.006,,,,,,
2017,March,1315,,New York City,40.7128,-74.006,,,,,,
2017,March,1316,,New York City,40.7128,-74.006,,,,,,
2017,March,1317,,New York City,40.7128,-74.006,,,,,,
2017,April,1318,,New York City,40.7128,-74.006,,,,,,
2017,April,1319,,New York City,40.7128,-74.006,,,,,,
2017,April,1320,,New York City,40.7128,-74.006,,,,,,
2017,April,1321,,New York City,40.7128,-74.006,,,,,,
2017,April,1322,,New York City,40.7128,-74.006,,,,,,
2017,May,1323,,New York City,40.7128,-74.006,,,,,,
2017,May,1324,,New York City,40.7128,-74.006,,,,,,
2017,May,1325,,France,48.8566,2.3522,,,,,,
2017,May,1326,,France,48.8566,2.3522,,,,,,
2017,June,1327,,France,48.8566,2.3522,,,,,,
2017,June,1328,,France,48.8566,2.3522,,,,,,
2017,June,1329,,France,48.8566,2.3522,,,,,,
2017,June,1330,,France,48.8566,2.3522,,,,,,
2017,July,1331,,France,48.8566,2.3522,,,,,,
2017,July,1332,,France,48.8566,2.3522,,,,,,
2017,July,1333,,France,48.8566,2.3522,,,,,,
2017,July,1334,,France,48.8566,2.3522,,,,,,
2017,July,1335,,France,48.8566,2.3522,,,,,,
2017,August,1336,,Portugal,38.7223,-9.1393,,,,,,
2017,August,1337,,Portugal,38.7223,-9.1393,,,,,,
2017,August,1338,,France,48.8566,2.3522,,,,,,
2017,August,1339,,New York City,40.7128,-74.006,,,,,,
2017,September,1340,,New York City,40.7128,-74.006,,,,,,
2017,September,1341,,New York City,40.7128,-74.006,,,,,,
2017,September,1342,,New York City,40.7128,-74.006,,,,,,
2017,September,1343,,New York City,40.7128,-74.006,,,,,,
2017,October,1344,,New York City,40.7128,-74.006,,,,,,
2017,October,1345,,New York City,40.7128,-74.006,,,,,,
2017,October,1346,,New York City,40.7128,-74.006,,,,,,
2017,October,1347,,New York City,40.7128,-74.006,,,,,,
2017,October,1348,,New York City,40.7128,-74.006,,,,,,
2017,November,1349,,New York City,40.7128,-74.006,,,,,,
2017,November,1350,,New York City,40.7128,-74.006,,,,,,
2017,November,1351,,New York City,40.7128,-74.006,,,,,,
2017,November,1352,,New York City,40.7128,-74.006,,,,,,
2017,December,1353,,New York City,40.7128,-74.006,,,,,,
2017,December,1354,,New York City,40.7128,-74.006,,,,,,
2017,December,1355,,New York City,40.7128,-74.006,,,,,,
2017,December,1356,,France,48.8566,2.3522,,,,,,
2017,December,1357,,France,48.8566,2.3522,,,,,,
2018,January,1358,,France,48.8566,2.3522,,,,,,
2018,January,1359,,France,48.8566,2.3522,,,,,,
2018,January,1360,,France,48.8566,2.3522,,,,,,
2018,January,1361,,New York City,40.7128,-74.006,,,,,,
2018,February,1362,,New York City,40.7128,-74.006,,,,,,
2018,February,1363,,New York City,40.7128,-74.006,,,,,,
2018,February,1364,,New York City,40.7128,-74.006,,,,,,
2018,February,1365,,New York City,40.7128,-74.006,,,,,,
2018,March,1366,,New York City,40.7128,-74.006,,,,,,
2018,March,1367,,New York City,40.7128,-74.006,,,,,,
2018,March,1368,,Florida,28.5383,-81.3792,,,,,,
2018,March,1369,,New York City,40.7128,-74.006,,,,,,
2018,April,1370,,New York City,40.7128,-74.006,,,,,,
2018,April,1371,,New York City,40.7128,-74.006,,,,,,
2018,April,1372,,New York City,40.7128,-74.006,,,,,,
2018,April,1373,,New York City,40.7128,-74.006,,,,,,
2018,April,1374,,New York City,40.7128,-74.006,,,,,,
2018,May,1375,,New York City,40.7128,-74.006,,,,,,
2018,May,1376,,New York City,40.7128,-74.006,,,,,,
2018,May,1377,,New York City,40.7128,-74.006,,,,,,
2018,May,1378,,France,48.8566,2.3522,,,,,,
2018,June,1379,,France,48.8566,2.3522,,,,,,
2018,June,1380,,Portugal,38.7223,-9.1393,,,,,,
2018,June,1381,,Portugal,38.7223,-9.1393,,,,,,
2018,June,1382,,France,48.8566,2.3522,,,,,,
2018,July,1383,,France,48.8566,2.3522,,,,,,
2018,July,1384,,France,48.8566,2.3522,,,,,,
2018,July,1385,,France,48.8566,2.3522,,,,,,
2018,July,1386,,France,48.8566,2.3522,,,,,,
2018,July,1387,,France,48.8566,2.3522,,,,,,
2018,August,1388,,Portugal,38.7223,-9.1393,,,,,,
2018,August,1389,,Portugal,38.7223,-9.1393,,,,,,
2018,August,1390,,France,48.8566,2.3522,,,,,,
2018,August,1391,,New York City,40.7128,-74.006,,,,,,
2018,September,1392,,New York City,40.7128,-74.006,,,,,,
2018,September,1393,,New York City,40.7128,-74.006,,,,,,
2018,September,1394,,New York City,40.7128,-74.006,,,,,,
2018,September,1395,,New York City,40.7128,-74.006,,,,,,
2018,September,1396,,New York City,40.7128,-74.006,,,,,,
2018,October,1397,,New York City,40.7128,-74.006,,,,,,
2018,October,1398,,New York City,40.7128,-74.006,,,,,,
2018,October,1399,,New York City,40.7128,-74.006,,,,,,
2018,October,1400,,New York City,40.7128,-74.006,,,,,,
2018,November,1401,,New York City,40.7128,-74.006,,,,,,
2018,November,1402,,New York City,40.7128,-74.006,,,,,,
2018,November,1403,,New York City,40.7128,-74.006,,,,,,
2018,November,1404,,New York City,40.7128,-74.006,,,,,,
2018,December,1405,,New York City,40.7128,-74.006,,,,,,
2018,December,1406,,New York City,40.7128,-74.006,,,,,,
2018,December,1407,,France,48.8566,2.3522,,,,,,
2018,December,1408,,France,48.8566,2.3522,,,,,,
2018,December,1409,,France,48.8566,2.3522,,,,,,
2019,January,1410,,France,48.8566,2.3522,,,,,,
2019,January,1411,,France,48.8566,2.3522,,,,,,
2019,January,1412,,France,48.8566,2.3522,,,,,,
2019,January,1413,,New York City,40.7128,-74.006,,,,,,
2019,February,1414,,New York City,40.7128,-74.006,,,,,,
2019,February,1415,,New York City,40.7128,-74.006,,,,,,
2019,February,1416,,New York City,40.7128,-74.006,,,,,,
2019,February,1417,,New York City,40.7128,-74.006,,,,,,
2019,March,1418,,New York City,40.7128,-74.006,,,,,,
2019,March,1419,,New York City,40.7128,-74.006,,,,,,
2019,March,1420,,New York City,40.7128,-74.006,,,,,,
2019,March,1421,,New York City,40.7128,-74.006,,,,,,
2019,March,1422,,New York City,40.7128,-74.006,,,,,,
2019,April,1423,,New York City,40.7128,-74.006,,,,,,
2019,April,1424,,New York City,40.7128,-74.006,,,,,,
2019,April,1425,,New York City,40.7128,-74.006,,,,,,
2019,April,1426,,New York City,40.7128,-74.006,,,,,,
2019,May,1427,,New York City,40.7128,-74.006,,,,,,
2019,May,1428,,New York City,40.7128,-74.006,,,,,,
2019,May,1429,,New York City,40.7128,-74.006,,,,,,
2019,May,1430,,France,48.8566,2.3522,,,,,,
2019,June,1431,,France,48.8566,2.3522,,,,,,
2019,June,1432,,France,48.8566,2.3522,,,,,,
2019,June,1433,,France,48.8566,2.3522,,,,,,
2019,June,1434,,Portugal,38.7223,-9.1393,,,,,,
2019,June,1435,,Portugal,38.7223,-9.1393,,,,,,
2019,July,1436,,France,48.8566,2.3522,,,,,,
2019,July,1437,,France,48.8566,2.3522,,,,,,
2019,July,1438,,France,48.8566,2.3522,,,,,,
2019,July,1439,,France,48.8566,2.3522,,,,,,
2019,August,1440,,Portugal,38.7223,-9.1393,,,,,,
2019,August,1441,,Portugal,38.7223,-9.1393,,,,,,
2019,August,1442,,France,48.8566,2.3522,,,,,,
2019,August,1443,,Buffalo,42.8864,-78.8784,,,,,,
2019,September,1444,,Buffalo,42.8864,-78.8784,,,,,,
2019,September,1445,,Buffalo,42.8864,-78.8784,,,,,,
2019,September,1446,,Buffalo,42.8864,-78.8784,,,,,,
2019,September,1447,,Buffalo,42.8864,-78.8784,,,,,,
2019,September,1448,,Buffalo,42.8864,-78.8784,,,,,,
2019,October,1449,,Buffalo,42.8864,-78.8784,,,,,,
2019,October,1450,,Massachusetts,42.3601,-71.0589,,,,,,
2019,October,1451,,Buffalo,42.8864,-78.8784,,,,,,
2019,October,1452,,Buffalo,42.8864,-78.8784,,,,,,
2019,November,1453,,Buffalo,42.8864,-78.8784,,,,,,
2019,November,1454,,Buffalo,42.8864,-78.8784,,,,,,
2019,November,1455,,Buffalo,42.8864,-78.8784,,,,,,
2019,November,1456,,New York City,40.7128,-74.006,,,,,,
2019,December,1457,,Buffalo,42.8864,-78.8784,,,,,,
2019,December,1458,,France,48.8566,2.3522,,,,,,
2019,December,1459,,France,48.8566,2.3522,,,,,,
2019,December,1460,,France,48.8566,2.3522,,,,,,
2019,December,1461,,France,48.8566,2.3522,,,,,,
2020,January,1462,,Italy,41.9028,12.4964,,,,,,
2020,January,1463,,France,48.8566,2.3522,,,,,,
2020,January,1464,,France,48.8566,2.3522,,,,,,
2020,January,1465,,Buffalo,42.8864,-78.8784,,,,,,
2020,February,1466,,Buffalo,42.8864,-78.8784,,,,,,
2020,February,1467,,Buffalo,42.8864,-78.8784,,,,,,
2020,February,1468,,Buffalo,42.8864,-78.8784,,,,,,
2020,February,1469,,Buffalo,42.8864,-78.8784,,,,,,
2020,March,1470,,Buffalo,42.8864,-78.8784,,,,,,
2020,March,1471,,Buffalo,42.8864,-78.8784,,,,,,
2020,March,1472,,Buffalo,42.8864,-78.8784,,,,,,
2020,March,1473,,Buffalo,42.8864,-78.8784,,,,,,
2020,March,1474,,Buffalo,42.8864,-78.8784,,,,,,
2020,April,1475,,Buffalo,42.8864,-78.8784,,,,,,
2020,April,1476,,Buffalo,42.8864,-78.8784,,,,,,
2020,April,1477,,Buffalo,42.8864,-78.8784,,,,,,
2020,April,1478,,Buffalo,42.8864,-78.8784,,,,,,
2020,May,1479,,Buffalo,42.8864,-78.8784,,,,,,
2020,May,1480,,France,48.8566,2.3522,,,,,,
2020,May,1481,,France,48.8566,2.3522,,,,,,
2020,May,1482,,France,48.8566,2.3522,,,,,,
2020,May,1483,,France,48.8566,2.3522,,,,,,
2020,June,1484,,France,48.8566,2.3522,,,,,,
2020,June,1485,,France,48.8566,2.3522,,,,,,
2020,June,1486,,France,48.8566,2.3522,,,,,,
2020,June,1487,,France,48.8566,2.3522,,,,,,
2020,July,1488,,France,48.8566,2.3522,,,,,,
2020,July,1489,,France,48.8566,2.3522,,,,,,
2020,July,1490,,France,48.8566,2.3522,,,,,,
2020,July,1491,,France,48.8566,2.3522,,,,,,
2020,August,1492,,France,48.8566,2.3522,,,,,,
2020,August,1493,,Portugal,38.7223,-9.1393,,,,,,
2020,August,1494,,Portugal,38.7223,-9.1393,,,,,,
2020,August,1495,,France,48.8566,2.3522,,,,,,
2020,August,1496,,Buffalo,42.8864,-78.8784,,,,,,
2020,September,1497,,Buffalo,42.8864,-78.8784,,,,,,
2020,September,1498,,Buffalo,42.8864,-78.8784,,,,,,
2020,September,1499,,Buffalo,42.8864,-78.8784,,,,,,
2020,September,1500,,Buffalo,42.8864,-78.8784,,,,,,
2020,October,1501,,Buffalo,42.8864,-78.8784,,,,,,
2020,October,1502,,New York City,40.7128,-74.006,,,,,,
2020,October,1503,,Buffalo,42.8864,-78.8784,,,,,,
2020,October,1504,,Buffalo,42.8864,-78.8784,,,,,,
2020,November,1505,,Buffalo,42.8864,-78.8784,,,,,,
2020,November,1506,,Buffalo,42.8864,-78.8784,,,,,,
2020,November,1507,,Buffalo,42.8864,-78.8784,,,,,,
2020,November,1508,,Buffalo,42.8864,-78.8784,,,,,,
2020,November,1509,,France,48.8566,2.3522,,,,,,
2020,December,1510,,France,48.8566,2.3522,,,,,,
2020,December,1511,,France,48.8566,2.3522,,,,,,
2020,December,1512,,France,48.8566,2.3522,,,,,,
2020,December,1513,,France,48.8566,2.3522,,,,,,
2020,December,1514,,France,48.8566,2.3522,,,,,,